<?xml version="1.0" encoding="utf-8"?>
<odoo>
    <data noupdate="1">
        <!-- Requests Links -->
        <record id="req_link_sale_order" model="res.request.link">
            <field name="name">Sales Order</field>
            <field name="object">sale.order</field>
        </record>

        <record model="crm.team" id="sales_team.team_sales_department">
            <field name="use_quotations" eval="True"/>
            <field name="use_invoices" eval="True"/>
            <field name="dashboard_graph_model">sale.report</field>
        </record>

        <!-- Sale-related subtypes for messaging / Chatter -->
        <record id="mt_order_sent" model="mail.message.subtype">
            <field name="name">Quotation sent</field>
            <field name="res_model">sale.order</field>
            <field name="default" eval="False"/>
            <field name="description">Quotation sent</field>
        </record>
        <record id="mt_order_confirmed" model="mail.message.subtype">
            <field name="name">Sales Order Confirmed</field>
            <field name="res_model">sale.order</field>
            <field name="default" eval="False"/>
            <field name="description">Quotation confirmed</field>
        </record>

        <!-- Salesteam-related subtypes for messaging / Chatter -->
        <record id="mt_salesteam_order_sent" model="mail.message.subtype">
            <field name="name">Quotation sent</field>
            <field name="sequence">20</field>
            <field name="res_model">crm.team</field>
            <field name="parent_id" eval="ref('sale.mt_order_sent')"/>
            <field name="relation_field">team_id</field>
        </record>
        <record id="mt_salesteam_order_confirmed" model="mail.message.subtype">
            <field name="name">Sales Order Confirmed</field>
            <field name="sequence">21</field>
            <field name="res_model">crm.team</field>
            <field name="parent_id" eval="ref('sale.mt_order_confirmed')"/>
            <field name="relation_field">team_id</field>
        </record>
        <record id="mt_salesteam_invoice_created" model="mail.message.subtype">
            <field name="name">Invoice Created</field>
            <field name="sequence">22</field>
            <field name="res_model">crm.team</field>
            <field name="parent_id" eval="ref('account.mt_invoice_created')"/>
            <field name="relation_field">team_id</field>
        </record>
        <record id="mt_salesteam_invoice_confirmed" model="mail.message.subtype">
            <field name="name">Invoice Confirmed</field>
            <field name="sequence">23</field>
            <field name="res_model">crm.team</field>
            <field name="parent_id" eval="ref('account.mt_invoice_validated')"/>
            <field name="relation_field">team_id</field>
        </record>
        <record id="sale_layout_cat_1" model="sale.layout_category">
            <field name="name">Services</field>
            <field name="subtotal" eval="True"></field>
            <field name="pagebreak" eval="True"></field>
            <field name="sequence">1</field>
        </record>

        <record id="sale_layout_cat_2" model="sale.layout_category">
            <field name="name">Material</field>
            <field name="subtotal" eval="True"></field>
            <field name="pagebreak" eval="False"></field>
            <field name="sequence">10</field>
        </record>
    </data>
</odoo>
